{
  "02_Reserve" : {
    "transaction" : "02_Reserve",
    "sampleCount" : 2622,
    "errorCount" : 0,
    "errorPct" : 0.0,
    "meanResTime" : 558.7078565980165,
    "medianResTime" : 350.0,
    "minResTime" : 225.0,
    "maxResTime" : 3666.0,
    "pct1ResTime" : 1072.7000000000003,
    "pct2ResTime" : 2047.9499999999975,
    "pct3ResTime" : 2913.4099999999994,
    "throughput" : 14.553810800459594,
    "receivedKBytesPerSec" : 104.90400363359588,
    "sentKBytesPerSec" : 3.339985877058598
  },
  "03_Purchase" : {
    "transaction" : "03_Purchase",
    "sampleCount" : 2609,
    "errorCount" : 0,
    "errorPct" : 0.0,
    "meanResTime" : 577.888846301265,
    "medianResTime" : 355.0,
    "minResTime" : 222.0,
    "maxResTime" : 3771.0,
    "pct1ResTime" : 1197.0,
    "pct2ResTime" : 2118.5,
    "pct3ResTime" : 2952.0,
    "throughput" : 14.46791992458271,
    "receivedKBytesPerSec" : 94.93159567702267,
    "sentKBytesPerSec" : 5.270052863153662
  },
  "Total" : {
    "transaction" : "Total",
    "sampleCount" : 10462,
    "errorCount" : 0,
    "errorPct" : 0.0,
    "meanResTime" : 578.0289619575584,
    "medianResTime" : 356.0,
    "minResTime" : 222.0,
    "maxResTime" : 3897.0,
    "pct1ResTime" : 1178.7000000000007,
    "pct2ResTime" : 2095.7000000000007,
    "pct3ResTime" : 2913.850000000004,
    "throughput" : 57.61679489368264,
    "receivedKBytesPerSec" : 346.50228322624037,
    "sentKBytesPerSec" : 13.805769888726118
  },
  "01_Home" : {
    "transaction" : "01_Home",
    "sampleCount" : 2630,
    "errorCount" : 0,
    "errorPct" : 0.0,
    "meanResTime" : 597.6718631178712,
    "medianResTime" : 361.0,
    "minResTime" : 222.0,
    "maxResTime" : 3897.0,
    "pct1ResTime" : 1353.4000000000005,
    "pct2ResTime" : 2121.5999999999985,
    "pct3ResTime" : 2831.2100000000005,
    "throughput" : 14.52260390840268,
    "receivedKBytesPerSec" : 67.46491305419195,
    "sentKBytesPerSec" : 2.396796934101614
  },
  "04_Confirmation" : {
    "transaction" : "04_Confirmation",
    "sampleCount" : 2601,
    "errorCount" : 0,
    "errorPct" : 0.0,
    "meanResTime" : 577.7846981930039,
    "medianResTime" : 358.0,
    "minResTime" : 226.0,
    "maxResTime" : 3724.0,
    "pct1ResTime" : 1153.800000000001,
    "pct2ResTime" : 2066.000000000001,
    "pct3ResTime" : 2949.3400000000006,
    "throughput" : 14.474284633106656,
    "receivedKBytesPerSec" : 81.70057367082549,
    "sentKBytesPerSec" : 2.8976839353387347
  }
}