{
  "02_Reserve" : {
    "transaction" : "02_Reserve",
    "sampleCount" : 1469,
    "errorCount" : 108,
    "errorPct" : 7.35194,
    "meanResTime" : 979.9952348536407,
    "medianResTime" : 434.0,
    "minResTime" : 232.0,
    "maxResTime" : 5015.0,
    "pct1ResTime" : 2530.0,
    "pct2ResTime" : 5000.0,
    "pct3ResTime" : 5001.0,
    "throughput" : 23.784851526828795,
    "receivedKBytesPerSec" : 163.86461651683072,
    "sentKBytesPerSec" : 5.057136543303326
  },
  "03_Purchase" : {
    "transaction" : "03_Purchase",
    "sampleCount" : 1450,
    "errorCount" : 108,
    "errorPct" : 7.448276,
    "meanResTime" : 961.9048275862059,
    "medianResTime" : 403.5,
    "minResTime" : 227.0,
    "maxResTime" : 5006.0,
    "pct1ResTime" : 2490.4000000000024,
    "pct2ResTime" : 5000.0,
    "pct3ResTime" : 5001.0,
    "throughput" : 23.88010540184453,
    "receivedKBytesPerSec" : 150.13287811882412,
    "sentKBytesPerSec" : 8.05062556612319
  },
  "Total" : {
    "transaction" : "Total",
    "sampleCount" : 5834,
    "errorCount" : 401,
    "errorPct" : 6.8735003,
    "meanResTime" : 969.6314706890655,
    "medianResTime" : 425.0,
    "minResTime" : 221.0,
    "maxResTime" : 6539.0,
    "pct1ResTime" : 2455.5,
    "pct2ResTime" : 5000.0,
    "pct3ResTime" : 5001.0,
    "throughput" : 88.10426325565943,
    "receivedKBytesPerSec" : 510.5254816786097,
    "sentKBytesPerSec" : 19.623380207310813
  },
  "01_Home" : {
    "transaction" : "01_Home",
    "sampleCount" : 1482,
    "errorCount" : 108,
    "errorPct" : 7.2874494,
    "meanResTime" : 965.3670715249665,
    "medianResTime" : 434.0,
    "minResTime" : 221.0,
    "maxResTime" : 5002.0,
    "pct1ResTime" : 2241.2000000000003,
    "pct2ResTime" : 5000.0,
    "pct3ResTime" : 5001.0,
    "throughput" : 23.66693814976285,
    "receivedKBytesPerSec" : 106.8913226716332,
    "sentKBytesPerSec" : 3.621323749580798
  },
  "04_Confirmation" : {
    "transaction" : "04_Confirmation",
    "sampleCount" : 1433,
    "errorCount" : 77,
    "errorPct" : 5.3733425,
    "meanResTime" : 971.2358688067,
    "medianResTime" : 428.0,
    "minResTime" : 222.0,
    "maxResTime" : 6539.0,
    "pct1ResTime" : 2607.2000000000007,
    "pct2ResTime" : 5000.0,
    "pct3ResTime" : 5001.0,
    "throughput" : 22.188845189061965,
    "receivedKBytesPerSec" : 121.94362641680345,
    "sentKBytesPerSec" : 4.203413393050695
  }
}